{
  "classification_report": {
    "accuracy": 0.3023255813953488,
    "clarification_needed": {
      "f1-score": 0.0,
      "precision": 0.0,
      "recall": 0.0,
      "support": 26.0
    },
    "deep_research": {
      "f1-score": 0.0,
      "precision": 0.0,
      "recall": 0.0,
      "support": 53.0
    },
    "evidence_check": {
      "f1-score": 0.08450704225352113,
      "precision": 0.75,
      "recall": 0.04477611940298507,
      "support": 67.0
    },
    "fast_answer": {
      "f1-score": 0.35384615384615387,
      "precision": 0.575,
      "recall": 0.25555555555555554,
      "support": 90.0
    },
    "financial_calculation": {
      "f1-score": 0.2708333333333333,
      "precision": 0.1566265060240964,
      "recall": 1.0,
      "support": 26.0
    },
    "macro avg": {
      "f1-score": 0.26318535321616304,
      "precision": 0.33584920990954703,
      "recall": 0.41254145936981756,
      "support": 344.0
    },
    "news_retrieval": {
      "f1-score": 0.43333333333333335,
      "precision": 0.2765957446808511,
      "recall": 1.0,
      "support": 26.0
    },
    "price_lookup": {
      "f1-score": 0.9629629629629629,
      "precision": 0.9285714285714286,
      "recall": 1.0,
      "support": 26.0
    },
    "risk_review": {
      "f1-score": 0.0,
      "precision": 0.0,
      "recall": 0.0,
      "support": 30.0
    },
    "weighted avg": {
      "f1-score": 0.23503923269625038,
      "precision": 0.3994378943639121,
      "recall": 0.3023255813953488,
      "support": 344.0
    }
  },
  "confusion_matrix": {
    "labels": [
      "clarification_needed",
      "deep_research",
      "evidence_check",
      "fast_answer",
      "financial_calculation",
      "news_retrieval",
      "price_lookup",
      "risk_review"
    ],
    "rows": [
      [
        0,
        0,
        0,
        16,
        0,
        10,
        0,
        0
      ],
      [
        0,
        0,
        1,
        0,
        28,
        23,
        1,
        0
      ],
      [
        0,
        2,
        3,
        0,
        40,
        22,
        0,
        0
      ],
      [
        0,
        0,
        0,
        23,
        66,
        1,
        0,
        0
      ],
      [
        0,
        0,
        0,
        0,
        26,
        0,
        0,
        0
      ],
      [
        0,
        0,
        0,
        0,
        0,
        26,
        0,
        0
      ],
      [
        0,
        0,
        0,
        0,
        0,
        0,
        26,
        0
      ],
      [
        0,
        10,
        0,
        1,
        6,
        12,
        1,
        0
      ]
    ]
  },
  "dataset": "router_classifier",
  "holdout": "golden_v0.1_router_all",
  "metrics": {
    "accuracy_all_rows": 0.3023,
    "accuracy_seen_labels_only": 0.3611,
    "comparable_rows": 288,
    "macro_f1_all_labels": 0.2632,
    "macro_f1_seen_labels_only": 0.3805,
    "over_trigger_rate": 0.0,
    "rows": 344,
    "safety_recall": 0.3438,
    "schema_gap": true,
    "under_trigger_rate": 0.0361,
    "unseen_true_labels": [
      "clarification_needed",
      "risk_review"
    ],
    "weighted_f1_all_labels": 0.235
  },
  "model_labels": [
    "deep_research",
    "evidence_check",
    "fast_answer",
    "financial_calculation",
    "news_retrieval",
    "price_lookup"
  ],
  "prediction_distribution": {
    "deep_research": 12,
    "evidence_check": 4,
    "fast_answer": 40,
    "financial_calculation": 166,
    "news_retrieval": 94,
    "price_lookup": 28
  },
  "source_path": "/Users/lucine/Documents/Job/projects/postTrain/training-corpus/runs/x-bookmarks-recent-111-20260629/curated/golden_v0.1/datasets/router_classifier/all.jsonl",
  "true_label_distribution": {
    "clarification_needed": 26,
    "deep_research": 53,
    "evidence_check": 67,
    "fast_answer": 90,
    "financial_calculation": 26,
    "news_retrieval": 26,
    "price_lookup": 26,
    "risk_review": 30
  },
  "why": "Older strict social/bookmark router rows with labels absent from the expanded split."
}
